<?xml version="1.0" encoding="UTF-8" standalone="yes"?>
<addon id="plugin.video.videobronx" name="VideoBronx" version="1.0.0" provider-name="ABW">
    <requires>
		<import addon="xbmc.python" version="2.14.0"/>
<import addon="script.module.t0mm0.common" version="2.1.1"/>
<import addon="script.module.requests" version="2.4.3"/>
<import addon="script.module.urlresolver" version="2.7.0"/>
    <import addon="script.module.beautifulsoup4" version="4.3.2"/> 
        <import addon="script.module.html5lib" version="0.999.0"/> 
	</requires>
	<extension point="xbmc.python.pluginsource" library="plugin.py">
		<provides>video</provides>
	</extension>
	<extension point="xbmc.addon.metadata">
		<platform>all</platform>
		<summary lang="en">VideoBronx</summary>
		<description lang="en">VideoBronx</description>
		<license>GNU General Public License, v2</license>
		<language></language>
		<forum></forum>
		<source></source>
		<email>ABW</email>
	</extension>
</addon>